playlist_id,user_id,name,description,creation_date
1,6,Finish his drug.,Keep power toward arrive thank respond unit field. Cost sing range within scientist remember.,2023-09-26
2,8,Month oil physical.,"Charge eat generation right physical source. Between near he. Discuss give concern police material.
Authority eye service yeah but. Store director nothing beautiful standard general.",2023-01-17
3,10,Board today begin.,"Travel network interesting enjoy color. Company black suggest fall indicate walk country boy.
Small memory of five material. Talk life court collection skill expect then. Trade surface stock.",2023-03-31
4,6,Physical argue.,Everything describe could soldier type lay may whose. Left face type provide. Management bar there explain break wind yes.,2024-01-02
5,6,Treatment.,"Television others quickly best bit never. Perhaps experience defense population help.
Section ten want arrive. Decade along newspaper memory memory. Full yeah forward audience alone policy material.",2023-08-14
6,1,Condition.,"Your center wide road military card become. Window provide east political church.
Rule open senior. Feeling determine movie respond degree. Several culture put push pass out.
Speech third store you.",2023-04-28
7,4,While.,"Call leg often win attorney police. Similar color action stand wall especially.
Wall four someone difference above billion research.
Trade break commercial today film space.",2023-11-22
8,8,Knowledge so.,"Itself age relationship career project. House environment hot save allow specific baby.
South summer very sea. Member still bed room professor family. Bag service rest single politics rock.",2022-12-13
9,3,Whole at.,"Policy difference consumer today would. Thus college kind area apply future indeed. Any year occur different law structure.
Someone member development. Either ahead page before gun parent list.",2022-09-17
10,6,Nice friend.,"Become ten real wait whether black. Guy statement such human total while beyond.
Democrat protect measure season. Few perform charge something.",2023-07-21
