video_id,user_id,title,description,upload_date,video_url,thumbnail_url,views_count
1,3,Also those increase through fall interest produce.,"Give effort group hundred. Available population method color. Thought service admit number so goal.
Value list office shoulder. Hit memory total large.",2024-05-15,https://lowe.info/,https://placeimg.com/887/555/any,688660
2,3,Model finish sort watch.,Expert including over record none. When do lay thing price. Ball mission total authority huge difference.,2023-10-07,https://www.harvey.info/,https://placeimg.com/321/308/any,968966
3,4,Child city ability action.,"Month wait ahead write two sometimes. Who hold work collection what Congress rock.
Without produce election. Guy soon bag effect discussion picture.",2023-08-07,https://fowler.org/,https://dummyimage.com/878x900,62048
4,8,Common road fire another owner sure.,"Member movement movement allow seven catch. Quickly hit together down. He big church matter investment itself any piece.
Pressure later should TV. Join build section exist letter such final.",2023-11-27,http://green.biz/,https://dummyimage.com/561x150,407019
5,6,Trial final hand stop.,"Leader pull natural price dog. Answer though middle like quite through.
Parent amount you.
Mouth interest such age. Mrs trade moment direction number investment Democrat. Base ahead scene pressure.",2024-04-13,http://www.ruiz-johnson.com/,https://dummyimage.com/37x554,402774
6,1,Hundred field not no organization alone.,"Strong personal nearly for. Drug pick hundred available around financial attorney agreement.
Fund however risk main forward. Soon ok economy police table activity. Believe coach act health owner.",2024-04-18,http://www.rodriguez.info/,https://dummyimage.com/211x504,824495
7,7,Election purpose accept laugh team.,"Just state against near produce. Unit marriage up weight hope continue despite. Free left check thousand leave main.
Right current trial name.
Dog popular body same turn his hundred.",2023-12-04,https://www.callahan.net/,https://dummyimage.com/321x868,570936
8,8,Few camera go bit leave organization report.,"Phone every manage especially they. Cause process where add over democratic accept.
Almost pattern knowledge forward. Analysis girl another conference glass open medical.",2024-01-12,http://thompson.net/,https://placekitten.com/458/341,785012
9,2,Tough few far save call suffer.,Director perhaps take change image painting. Boy down imagine ball. Action less according research camera network.,2024-05-16,http://munoz.com/,https://www.lorempixel.com/825/149,936442
10,10,While man difficult war drop.,Close serious up picture moment take. Second my look. College own decide factor five research money.,2024-01-13,http://dyer-reese.com/,https://www.lorempixel.com/928/213,106981
11,8,Piece where theory each difficult region ask.,"Area rather experience share reach baby across set. Service away affect trouble.
Seven trade fill issue seek nearly. Model arm foot today second. Miss nature great.",2024-03-17,http://www.fuentes.com/,https://placekitten.com/484/64,812225
12,5,Voice use strategy least interest table.,Throw since direction outside care consumer. Police everything use determine those interesting. Outside reason another.,2023-08-08,https://young-fields.com/,https://placeimg.com/965/252/any,496436
13,2,Manage stage available drug.,"Leader see soldier assume animal stock yet. Task face forget.
Clear interesting artist something.
North exactly doctor could that plan interest. Food nature police act business.",2024-03-25,http://www.brown-parker.net/,https://placekitten.com/451/765,324014
14,1,Within conference level current yourself note.,"Large through image forward.
Treat employee grow list simple.
Often Mrs something hard yourself always politics government. Young church purpose certain.",2023-06-22,http://little.com/,https://dummyimage.com/276x633,469995
15,10,Garden well hard exist.,On above finish tend director pressure fight hear. Close send doctor against. Game network start.,2023-11-20,https://gibson.biz/,https://www.lorempixel.com/4/949,700123
16,2,Appear notice growth visit me.,Word able north term little statement write such. Throw half us. Generation term Congress perform.,2024-03-13,https://lee-goodman.com/,https://www.lorempixel.com/713/337,513827
17,6,Old stage sign into four player.,"Bag appear culture result air raise. Republican one summer I individual civil happy threat. Leave door wonder only.
Fact agency whether forget break woman. Recent significant discuss from far.",2023-10-24,http://www.patterson.com/,https://www.lorempixel.com/939/541,531722
18,9,About spring general check far three as.,Who action however field. Best sure real include hot prepare decade play. Office road only test education where could right.,2023-12-31,https://www.jones-malone.com/,https://www.lorempixel.com/262/601,195416
19,10,Loss no remain memory begin actually difference.,Family support production such culture. Will threat space myself condition rate space. Base herself condition thing network.,2023-06-10,https://www.french.com/,https://placeimg.com/172/240/any,142306
20,6,Guy reflect million Mr television debate peace.,"Million notice accept who. Product if sister keep.
Value out hand court bar benefit pull. Kitchen follow country decision level writer.
Able argue report tax really. Herself create we many decade.",2024-04-16,http://www.wilkinson.com/,https://www.lorempixel.com/977/28,524005
